"ibge_mun1","ibge_mun2","uf_mun1","uf_mun2","municipio_1","municipio_2"
"1500909","1501709","PA","PA","Augusto Corrêa","Bragança"
"1500909","1508308","PA","PA","Augusto Corrêa","Viseu"
"1501709","1500909","PA","PA","Bragança","Augusto Corrêa"
"1501709","1508035","PA","PA","Bragança","Tracuateua"
"1501709","1508308","PA","PA","Bragança","Viseu"
"1502509","1507904","PA","PA","Chaves","Soure"
"1502509","1600303","PA","AP","Chaves","Macapá"
"1502608","1506302","PA","PA","Colares","Salvaterra"
"1502608","1508209","PA","PA","Colares","Vigia"
"1502905","1504406","PA","PA","Curuçá","Marapanim"
"1502905","1507102","PA","PA","Curuçá","São Caetano de Odivelas"
"1504109","1504307","PA","PA","Magalhães Barata","Maracanã"
"1504109","1504406","PA","PA","Magalhães Barata","Marapanim"
"1504307","1504109","PA","PA","Maracanã","Magalhães Barata"
"1504307","1504406","PA","PA","Maracanã","Marapanim"
"1504307","1506203","PA","PA","Maracanã","Salinópolis"
"1504307","1507474","PA","PA","Maracanã","São João de Pirabas"
"1504406","1502905","PA","PA","Marapanim","Curuçá"
"1504406","1504109","PA","PA","Marapanim","Magalhães Barata"
"1504406","1504307","PA","PA","Marapanim","Maracanã"
"1506112","1507474","PA","PA","Quatipuru","São João de Pirabas"
"1506112","1508035","PA","PA","Quatipuru","Tracuateua"
"1506203","1504307","PA","PA","Salinópolis","Maracanã"
"1506203","1507474","PA","PA","Salinópolis","São João de Pirabas"
"1506302","1502608","PA","PA","Salvaterra","Colares"
"1506302","1507904","PA","PA","Salvaterra","Soure"
"1507102","1502905","PA","PA","São Caetano de Odivelas","Curuçá"
"1507102","1508209","PA","PA","São Caetano de Odivelas","Vigia"
"1507474","1504307","PA","PA","São João de Pirabas","Maracanã"
"1507474","1506112","PA","PA","São João de Pirabas","Quatipuru"
"1507474","1506203","PA","PA","São João de Pirabas","Salinópolis"
"1507904","1502509","PA","PA","Soure","Chaves"
"1507904","1506302","PA","PA","Soure","Salvaterra"
"1508035","1501709","PA","PA","Tracuateua","Bragança"
"1508035","1506112","PA","PA","Tracuateua","Quatipuru"
"1508209","1502608","PA","PA","Vigia","Colares"
"1508209","1507102","PA","PA","Vigia","São Caetano de Odivelas"
"1508308","1500909","PA","PA","Viseu","Augusto Corrêa"
"1508308","1501709","PA","PA","Viseu","Bragança"
"1508308","2102903","PA","MA","Viseu","Carutapera"
"1600105","1600204","AP","AP","Amapá","Calçoene"
"1600105","1600303","AP","AP","Amapá","Macapá"
"1600204","1600105","AP","AP","Calçoene","Amapá"
"1600204","1600501","AP","AP","Calçoene","Oiapoque"
"1600303","1502509","AP","PA","Macapá","Chaves"
"1600303","1600105","AP","AP","Macapá","Amapá"
"1600501","1600204","AP","AP","Oiapoque","Calçoene"
"2100204","2101350","MA","MA","Alcântara","Bacurituba"
"2100204","2101905","MA","MA","Alcântara","Bequimão"
"2100832","2101301","MA","MA","Apicum-Açu","Bacuri"
"2100832","2103703","MA","MA","Apicum-Açu","Cururupu"
"2100907","2112506","MA","MA","Araioses","Tutóia"
"2100907","2204659","MA","PI","Araioses","Ilha Grande"
"2100907","2207702","MA","PI","Araioses","Parnaíba"
"2101103","2105104","MA","MA","Axixá","Icatu"
"2101103","2109601","MA","MA","Axixá","Rosário"
"2101251","2109601","MA","MA","Bacabeira","Rosário"
"2101251","2110203","MA","MA","Bacabeira","Santa Rita"
"2101251","2111300","MA","MA","Bacabeira","São Luís"
"2101301","2100832","MA","MA","Bacuri","Apicum-Açu"
"2101301","2103703","MA","MA","Bacuri","Cururupu"
"2101301","2111789","MA","MA","Bacuri","Serrano do Maranhão"
"2101301","2112407","MA","MA","Bacuri","Turiaçu"
"2101350","2100204","MA","MA","Bacurituba","Alcântara"
"2101350","2102408","MA","MA","Bacurituba","Cajapió"
"2101707","2108058","MA","MA","Barreirinhas","Paulino Neves"
"2101707","2109403","MA","MA","Barreirinhas","Primeira Cruz"
"2101707","2110278","MA","MA","Barreirinhas","Santo Amaro do Maranhão"
"2101905","2100204","MA","MA","Bequimão","Alcântara"
"2101905","2104909","MA","MA","Bequimão","Guimarães"
"2102408","2101350","MA","MA","Cajapió","Bacurituba"
"2102408","2110203","MA","MA","Cajapió","Santa Rita"
"2102408","2111003","MA","MA","Cajapió","São João Batista"
"2102606","2104305","MA","MA","Cândido Mendes","Godofredo Viana"
"2102606","2112407","MA","MA","Cândido Mendes","Turiaçu"
"2102903","1508308","MA","PA","Carutapera","Viseu"
"2102903","2106201","MA","MA","Carutapera","Luís Domingues"
"2103109","2104909","MA","MA","Cedral","Guimarães"
"2103109","2109056","MA","MA","Cedral","Porto Rico do Maranhão"
"2103703","2100832","MA","MA","Cururupu","Apicum-Açu"
"2103703","2101301","MA","MA","Cururupu","Bacuri"
"2103703","2109056","MA","MA","Cururupu","Porto Rico do Maranhão"
"2103703","2111789","MA","MA","Cururupu","Serrano do Maranhão"
"2104305","2102606","MA","MA","Godofredo Viana","Cândido Mendes"
"2104305","2106201","MA","MA","Godofredo Viana","Luís Domingues"
"2104909","2101905","MA","MA","Guimarães","Bequimão"
"2104909","2103109","MA","MA","Guimarães","Cedral"
"2105005","2105104","MA","MA","Humberto de Campos","Icatu"
"2105005","2109403","MA","MA","Humberto de Campos","Primeira Cruz"
"2105104","2101103","MA","MA","Icatu","Axixá"
"2105104","2105005","MA","MA","Icatu","Humberto de Campos"
"2106201","2102903","MA","MA","Luís Domingues","Carutapera"
"2106201","2104305","MA","MA","Luís Domingues","Godofredo Viana"
"2107506","2109452","MA","MA","Paço do Lumiar","Raposa"
"2107506","2111201","MA","MA","Paço do Lumiar","São José de Ribamar"
"2108058","2101707","MA","MA","Paulino Neves","Barreirinhas"
"2108058","2112506","MA","MA","Paulino Neves","Tutóia"
"2109056","2103109","MA","MA","Porto Rico do Maranhão","Cedral"
"2109056","2103703","MA","MA","Porto Rico do Maranhão","Cururupu"
"2109403","2101707","MA","MA","Primeira Cruz","Barreirinhas"
"2109403","2105005","MA","MA","Primeira Cruz","Humberto de Campos"
"2109403","2110278","MA","MA","Primeira Cruz","Santo Amaro do Maranhão"
"2109452","2107506","MA","MA","Raposa","Paço do Lumiar"
"2109452","2111201","MA","MA","Raposa","São José de Ribamar"
"2109601","2101103","MA","MA","Rosário","Axixá"
"2109601","2101251","MA","MA","Rosário","Bacabeira"
"2109601","2110203","MA","MA","Rosário","Santa Rita"
"2109601","2111300","MA","MA","Rosário","São Luís"
"2110203","2101251","MA","MA","Santa Rita","Bacabeira"
"2110203","2102408","MA","MA","Santa Rita","Cajapió"
"2110203","2109601","MA","MA","Santa Rita","Rosário"
"2110278","2101707","MA","MA","Santo Amaro do Maranhão","Barreirinhas"
"2110278","2109403","MA","MA","Santo Amaro do Maranhão","Primeira Cruz"
"2111003","2102408","MA","MA","São João Batista","Cajapió"
"2111201","2107506","MA","MA","São José de Ribamar","Paço do Lumiar"
"2111201","2109452","MA","MA","São José de Ribamar","Raposa"
"2111201","2111300","MA","MA","São José de Ribamar","São Luís"
"2111300","2101251","MA","MA","São Luís","Bacabeira"
"2111300","2109601","MA","MA","São Luís","Rosário"
"2111300","2111201","MA","MA","São Luís","São José de Ribamar"
"2111789","2101301","MA","MA","Serrano do Maranhão","Bacuri"
"2111789","2103703","MA","MA","Serrano do Maranhão","Cururupu"
"2112407","2101301","MA","MA","Turiaçu","Bacuri"
"2112407","2102606","MA","MA","Turiaçu","Cândido Mendes"
"2112506","2100907","MA","MA","Tutóia","Araioses"
"2112506","2108058","MA","MA","Tutóia","Paulino Neves"
"2202083","2205706","PI","PI","Cajueiro da Praia","Luís Correia"
"2202083","2302057","PI","CE","Cajueiro da Praia","Barroquinha"
"2204659","2100907","PI","MA","Ilha Grande","Araioses"
"2204659","2207702","PI","PI","Ilha Grande","Parnaíba"
"2205706","2202083","PI","PI","Luís Correia","Cajueiro da Praia"
"2205706","2207702","PI","PI","Luís Correia","Parnaíba"
"2207702","2100907","PI","MA","Parnaíba","Araioses"
"2207702","2204659","PI","PI","Parnaíba","Ilha Grande"
"2207702","2205706","PI","PI","Parnaíba","Luís Correia"
"2300200","2300754","CE","CE","Acaraú","Amontada"
"2300200","2304251","CE","CE","Acaraú","Cruz"
"2300200","2306553","CE","CE","Acaraú","Itarema"
"2300754","2300200","CE","CE","Amontada","Acaraú"
"2300754","2306405","CE","CE","Amontada","Itapipoca"
"2300754","2306553","CE","CE","Amontada","Itarema"
"2301000","2303501","CE","CE","Aquiraz","Cascavel"
"2301000","2304400","CE","CE","Aquiraz","Fortaleza"
"2301109","2302206","CE","CE","Aracati","Beberibe"
"2301109","2304459","CE","CE","Aracati","Fortim"
"2301109","2305357","CE","CE","Aracati","Icapuí"
"2301109","2411056","CE","RN","Aracati","Tibau"
"2302057","2202083","CE","PI","Barroquinha","Cajueiro da Praia"
"2302057","2302602","CE","CE","Barroquinha","Camocim"
"2302206","2301109","CE","CE","Beberibe","Aracati"
"2302206","2303501","CE","CE","Beberibe","Cascavel"
"2302206","2304459","CE","CE","Beberibe","Fortim"
"2302602","2302057","CE","CE","Camocim","Barroquinha"
"2302602","2307254","CE","CE","Camocim","Jijoca de Jericoacoara"
"2303501","2301000","CE","CE","Cascavel","Aquiraz"
"2303501","2302206","CE","CE","Cascavel","Beberibe"
"2303709","2304400","CE","CE","Caucaia","Fortaleza"
"2303709","2312403","CE","CE","Caucaia","São Gonçalo do Amarante"
"2304251","2300200","CE","CE","Cruz","Acaraú"
"2304251","2307254","CE","CE","Cruz","Jijoca de Jericoacoara"
"2304400","2301000","CE","CE","Fortaleza","Aquiraz"
"2304400","2303709","CE","CE","Fortaleza","Caucaia"
"2304459","2301109","CE","CE","Fortim","Aracati"
"2304459","2302206","CE","CE","Fortim","Beberibe"
"2305357","2301109","CE","CE","Icapuí","Aracati"
"2305357","2411056","CE","RN","Icapuí","Tibau"
"2306405","2300754","CE","CE","Itapipoca","Amontada"
"2306405","2313500","CE","CE","Itapipoca","Trairi"
"2306553","2300200","CE","CE","Itarema","Acaraú"
"2306553","2300754","CE","CE","Itarema","Amontada"
"2307254","2302602","CE","CE","Jijoca de Jericoacoara","Camocim"
"2307254","2304251","CE","CE","Jijoca de Jericoacoara","Cruz"
"2310209","2310258","CE","CE","Paracuru","Paraipaba"
"2310209","2312403","CE","CE","Paracuru","São Gonçalo do Amarante"
"2310258","2310209","CE","CE","Paraipaba","Paracuru"
"2310258","2312403","CE","CE","Paraipaba","São Gonçalo do Amarante"
"2310258","2313500","CE","CE","Paraipaba","Trairi"
"2312403","2303709","CE","CE","São Gonçalo do Amarante","Caucaia"
"2312403","2310209","CE","CE","São Gonçalo do Amarante","Paracuru"
"2312403","2310258","CE","CE","São Gonçalo do Amarante","Paraipaba"
"2312403","2313500","CE","CE","São Gonçalo do Amarante","Trairi"
"2313500","2306405","CE","CE","Trairi","Itapipoca"
"2313500","2310258","CE","CE","Trairi","Paraipaba"
"2313500","2312403","CE","CE","Trairi","São Gonçalo do Amarante"
"2401107","2404408","RN","RN","Areia Branca","Grossos"
"2401107","2410256","RN","RN","Areia Branca","Porto do Mangue"
"2401404","2402204","RN","RN","Baía Formosa","Canguaretama"
"2401859","2404101","RN","RN","Caiçara do Norte","Galinhos"
"2401859","2411601","RN","RN","Caiçara do Norte","São Bento do Norte"
"2402204","2401404","RN","RN","Canguaretama","Baía Formosa"
"2402204","2414209","RN","RN","Canguaretama","Tibau do Sul"
"2402600","2403608","RN","RN","Ceará-Mirim","Extremoz"
"2402600","2407500","RN","RN","Ceará-Mirim","Maxaranguape"
"2403251","2408102","RN","RN","Parnamirim","Natal"
"2403251","2408201","RN","RN","Parnamirim","Nísia Floresta"
"2403608","2402600","RN","RN","Extremoz","Ceará-Mirim"
"2403608","2408102","RN","RN","Extremoz","Natal"
"2404101","2401859","RN","RN","Galinhos","Caiçara do Norte"
"2404101","2404507","RN","RN","Galinhos","Guamaré"
"2404408","2401107","RN","RN","Grossos","Areia Branca"
"2404408","2411056","RN","RN","Grossos","Tibau"
"2404507","2404101","RN","RN","Guamaré","Galinhos"
"2404507","2407203","RN","RN","Guamaré","Macau"
"2407203","2404507","RN","RN","Macau","Guamaré"
"2407203","2410256","RN","RN","Macau","Porto do Mangue"
"2407500","2402600","RN","RN","Maxaranguape","Ceará-Mirim"
"2407500","2408953","RN","RN","Maxaranguape","Rio do Fogo"
"2408102","2403251","RN","RN","Natal","Parnamirim"
"2408102","2403608","RN","RN","Natal","Extremoz"
"2408201","2403251","RN","RN","Nísia Floresta","Parnamirim"
"2408201","2413201","RN","RN","Nísia Floresta","Senador Georgino Avelino"
"2408953","2407500","RN","RN","Rio do Fogo","Maxaranguape"
"2409506","2411601","RN","RN","Pedra Grande","São Bento do Norte"
"2409506","2412559","RN","RN","Pedra Grande","São Miguel do Gostoso"
"2410256","2401107","RN","RN","Porto do Mangue","Areia Branca"
"2410256","2407203","RN","RN","Porto do Mangue","Macau"
"2411056","2301109","RN","CE","Tibau","Aracati"
"2411056","2305357","RN","CE","Tibau","Icapuí"
"2411056","2404408","RN","RN","Tibau","Grossos"
"2411601","2401859","RN","RN","São Bento do Norte","Caiçara do Norte"
"2411601","2409506","RN","RN","São Bento do Norte","Pedra Grande"
"2412559","2409506","RN","RN","São Miguel do Gostoso","Pedra Grande"
"2413201","2408201","RN","RN","Senador Georgino Avelino","Nísia Floresta"
"2413201","2414209","RN","RN","Senador Georgino Avelino","Tibau do Sul"
"2414209","2402204","RN","RN","Tibau do Sul","Canguaretama"
"2414209","2413201","RN","RN","Tibau do Sul","Senador Georgino Avelino"
"2501401","2509057","PB","PB","Baía da Traição","Marcação"
"2501401","2509305","PB","PB","Baía da Traição","Mataraca"
"2501401","2512903","PB","PB","Baía da Traição","Rio Tinto"
"2503209","2507507","PB","PB","Cabedelo","João Pessoa"
"2503209","2513703","PB","PB","Cabedelo","Santa Rita"
"2504603","2507507","PB","PB","Conde","João Pessoa"
"2504603","2511905","PB","PB","Conde","Pitimbu"
"2504603","2513703","PB","PB","Conde","Santa Rita"
"2507507","2503209","PB","PB","João Pessoa","Cabedelo"
"2507507","2504603","PB","PB","João Pessoa","Conde"
"2507507","2513703","PB","PB","João Pessoa","Santa Rita"
"2508604","2512903","PB","PB","Lucena","Rio Tinto"
"2508604","2513703","PB","PB","Lucena","Santa Rita"
"2509057","2501401","PB","PB","Marcação","Baía da Traição"
"2509057","2512903","PB","PB","Marcação","Rio Tinto"
"2509305","2501401","PB","PB","Mataraca","Baía da Traição"
"2509305","2512903","PB","PB","Mataraca","Rio Tinto"
"2511905","2504603","PB","PB","Pitimbu","Conde"
"2511905","2606200","PB","PE","Pitimbu","Goiana"
"2512903","2501401","PB","PB","Rio Tinto","Baía da Traição"
"2512903","2508604","PB","PB","Rio Tinto","Lucena"
"2512903","2509057","PB","PB","Rio Tinto","Marcação"
"2512903","2509305","PB","PB","Rio Tinto","Mataraca"
"2512903","2513703","PB","PB","Rio Tinto","Santa Rita"
"2513703","2503209","PB","PB","Santa Rita","Cabedelo"
"2513703","2504603","PB","PB","Santa Rita","Conde"
"2513703","2507507","PB","PB","Santa Rita","João Pessoa"
"2513703","2508604","PB","PB","Santa Rita","Lucena"
"2513703","2512903","PB","PB","Santa Rita","Rio Tinto"
"2601409","2613404","PE","PE","Barreiros","São José da Coroa Grande"
"2601409","2614857","PE","PE","Barreiros","Tamandaré"
"2601409","2704500","PE","AL","Barreiros","Maragogi"
"2602902","2607208","PE","PE","Cabo de Santo Agostinho","Ipojuca"
"2602902","2607901","PE","PE","Cabo de Santo Agostinho","Jaboatão dos Guararapes"
"2606200","2511905","PE","PB","Goiana","Pitimbu"
"2606200","2606804","PE","PE","Goiana","Igarassu"
"2606200","2607604","PE","PE","Goiana","Ilha de Itamaracá"
"2606804","2606200","PE","PE","Igarassu","Goiana"
"2606804","2607604","PE","PE","Igarassu","Ilha de Itamaracá"
"2606804","2610707","PE","PE","Igarassu","Paulista"
"2607208","2602902","PE","PE","Ipojuca","Cabo de Santo Agostinho"
"2607208","2614204","PE","PE","Ipojuca","Sirinhaém"
"2607604","2606200","PE","PE","Ilha de Itamaracá","Goiana"
"2607604","2606804","PE","PE","Ilha de Itamaracá","Igarassu"
"2607901","2602902","PE","PE","Jaboatão dos Guararapes","Cabo de Santo Agostinho"
"2607901","2611606","PE","PE","Jaboatão dos Guararapes","Recife"
"2609600","2610707","PE","PE","Olinda","Paulista"
"2609600","2611606","PE","PE","Olinda","Recife"
"2610707","2606804","PE","PE","Paulista","Igarassu"
"2610707","2609600","PE","PE","Paulista","Olinda"
"2610707","2611606","PE","PE","Paulista","Recife"
"2611606","2607901","PE","PE","Recife","Jaboatão dos Guararapes"
"2611606","2609600","PE","PE","Recife","Olinda"
"2611606","2610707","PE","PE","Recife","Paulista"
"2613404","2601409","PE","PE","São José da Coroa Grande","Barreiros"
"2613404","2704500","PE","AL","São José da Coroa Grande","Maragogi"
"2614204","2607208","PE","PE","Sirinhaém","Ipojuca"
"2614204","2614857","PE","PE","Sirinhaém","Tamandaré"
"2614857","2601409","PE","PE","Tamandaré","Barreiros"
"2614857","2614204","PE","PE","Tamandaré","Sirinhaém"
"2700508","2704302","AL","AL","Barra de Santo Antônio","Maceió"
"2700508","2706448","AL","AL","Barra de Santo Antônio","Paripueira"
"2700508","2706505","AL","AL","Barra de Santo Antônio","Passo de Camaragibe"
"2700607","2704708","AL","AL","Barra de São Miguel","Marechal Deodoro"
"2700607","2707800","AL","AL","Barra de São Miguel","Roteiro"
"2702306","2702702","AL","AL","Coruripe","Feliz Deserto"
"2702306","2703759","AL","AL","Coruripe","Jequiá da Praia"
"2702702","2702306","AL","AL","Feliz Deserto","Coruripe"
"2702702","2706802","AL","AL","Feliz Deserto","Piaçabuçu"
"2703601","2704500","AL","AL","Japaratinga","Maragogi"
"2703601","2707404","AL","AL","Japaratinga","Porto de Pedras"
"2703759","2702306","AL","AL","Jequiá da Praia","Coruripe"
"2703759","2707800","AL","AL","Jequiá da Praia","Roteiro"
"2704302","2700508","AL","AL","Maceió","Barra de Santo Antônio"
"2704302","2704708","AL","AL","Maceió","Marechal Deodoro"
"2704302","2706448","AL","AL","Maceió","Paripueira"
"2704500","2601409","AL","PE","Maragogi","Barreiros"
"2704500","2613404","AL","PE","Maragogi","São José da Coroa Grande"
"2704500","2703601","AL","AL","Maragogi","Japaratinga"
"2704708","2700607","AL","AL","Marechal Deodoro","Barra de São Miguel"
"2704708","2704302","AL","AL","Marechal Deodoro","Maceió"
"2706448","2700508","AL","AL","Paripueira","Barra de Santo Antônio"
"2706448","2704302","AL","AL","Paripueira","Maceió"
"2706505","2700508","AL","AL","Passo de Camaragibe","Barra de Santo Antônio"
"2706505","2707404","AL","AL","Passo de Camaragibe","Porto de Pedras"
"2706505","2708709","AL","AL","Passo de Camaragibe","São Miguel dos Milagres"
"2706802","2702702","AL","AL","Piaçabuçu","Feliz Deserto"
"2706802","2800704","AL","SE","Piaçabuçu","Brejo Grande"
"2707404","2703601","AL","AL","Porto de Pedras","Japaratinga"
"2707404","2706505","AL","AL","Porto de Pedras","Passo de Camaragibe"
"2707404","2708709","AL","AL","Porto de Pedras","São Miguel dos Milagres"
"2707800","2700607","AL","AL","Roteiro","Barra de São Miguel"
"2707800","2703759","AL","AL","Roteiro","Jequiá da Praia"
"2708709","2706505","AL","AL","São Miguel dos Milagres","Passo de Camaragibe"
"2708709","2707404","AL","AL","São Miguel dos Milagres","Porto de Pedras"
"2800308","2800605","SE","SE","Aracaju","Barra dos Coqueiros"
"2800308","2803203","SE","SE","Aracaju","Itaporanga d'Ajuda"
"2800605","2800308","SE","SE","Barra dos Coqueiros","Aracaju"
"2800605","2805307","SE","SE","Barra dos Coqueiros","Pirambu"
"2800704","2706802","SE","AL","Brejo Grande","Piaçabuçu"
"2800704","2804904","SE","SE","Brejo Grande","Pacatuba"
"2802106","2803203","SE","SE","Estância","Itaporanga d'Ajuda"
"2802106","2917904","SE","BA","Estância","Jandaíra"
"2803203","2800308","SE","SE","Itaporanga d'Ajuda","Aracaju"
"2803203","2802106","SE","SE","Itaporanga d'Ajuda","Estância"
"2804904","2800704","SE","SE","Pacatuba","Brejo Grande"
"2804904","2805307","SE","SE","Pacatuba","Pirambu"
"2805307","2800605","SE","SE","Pirambu","Barra dos Coqueiros"
"2805307","2804904","SE","SE","Pirambu","Pacatuba"
"2900801","2906907","BA","BA","Alcobaça","Caravelas"
"2900801","2925501","BA","BA","Alcobaça","Prado"
"2903409","2906303","BA","BA","Belmonte","Canavieiras"
"2903409","2927705","BA","BA","Belmonte","Santa Cruz Cabrália"
"2905404","2922607","BA","BA","Cairu","Nilo Peçanha"
"2905404","2932903","BA","BA","Cairu","Valença"
"2905701","2919207","BA","BA","Camaçari","Lauro de Freitas"
"2905701","2921005","BA","BA","Camaçari","Mata de São João"
"2905800","2913457","BA","BA","Camamu","Igrapiúna"
"2905800","2920700","BA","BA","Camamu","Maraú"
"2906303","2903409","BA","BA","Canavieiras","Belmonte"
"2906303","2932507","BA","BA","Canavieiras","Una"
"2906907","2900801","BA","BA","Caravelas","Alcobaça"
"2906907","2923001","BA","BA","Caravelas","Nova Viçosa"
"2908606","2910602","BA","BA","Conde","Esplanada"
"2908606","2917904","BA","BA","Conde","Jandaíra"
"2910503","2910602","BA","BA","Entre Rios","Esplanada"
"2910503","2921005","BA","BA","Entre Rios","Mata de São João"
"2910602","2908606","BA","BA","Esplanada","Conde"
"2910602","2910503","BA","BA","Esplanada","Entre Rios"
"2913457","2905800","BA","BA","Igrapiúna","Camamu"
"2913457","2917300","BA","BA","Igrapiúna","Ituberá"
"2913606","2932507","BA","BA","Ilhéus","Una"
"2913606","2932705","BA","BA","Ilhéus","Uruçuca"
"2914901","2920700","BA","BA","Itacaré","Maraú"
"2914901","2932705","BA","BA","Itacaré","Uruçuca"
"2917300","2913457","BA","BA","Ituberá","Igrapiúna"
"2917300","2922607","BA","BA","Ituberá","Nilo Peçanha"
"2917805","2932903","BA","BA","Jaguaripe","Valença"
"2917805","2933208","BA","BA","Jaguaripe","Vera Cruz"
"2917904","2802106","BA","SE","Jandaíra","Estância"
"2917904","2908606","BA","BA","Jandaíra","Conde"
"2919207","2905701","BA","BA","Lauro de Freitas","Camaçari"
"2919207","2927408","BA","BA","Lauro de Freitas","Salvador"
"2920700","2905800","BA","BA","Maraú","Camamu"
"2920700","2914901","BA","BA","Maraú","Itacaré"
"2921005","2905701","BA","BA","Mata de São João","Camaçari"
"2921005","2910503","BA","BA","Mata de São João","Entre Rios"
"2922003","2923001","BA","BA","Mucuri","Nova Viçosa"
"2922003","3201605","BA","ES","Mucuri","Conceição da Barra"
"2922607","2905404","BA","BA","Nilo Peçanha","Cairu"
"2922607","2917300","BA","BA","Nilo Peçanha","Ituberá"
"2923001","2906907","BA","BA","Nova Viçosa","Caravelas"
"2923001","2922003","BA","BA","Nova Viçosa","Mucuri"
"2925303","2925501","BA","BA","Porto Seguro","Prado"
"2925303","2927705","BA","BA","Porto Seguro","Santa Cruz Cabrália"
"2925501","2900801","BA","BA","Prado","Alcobaça"
"2925501","2925303","BA","BA","Prado","Porto Seguro"
"2927408","2919207","BA","BA","Salvador","Lauro de Freitas"
"2927408","2933208","BA","BA","Salvador","Vera Cruz"
"2927705","2903409","BA","BA","Santa Cruz Cabrália","Belmonte"
"2927705","2925303","BA","BA","Santa Cruz Cabrália","Porto Seguro"
"2932507","2906303","BA","BA","Una","Canavieiras"
"2932507","2913606","BA","BA","Una","Ilhéus"
"2932705","2913606","BA","BA","Uruçuca","Ilhéus"
"2932705","2914901","BA","BA","Uruçuca","Itacaré"
"2932903","2905404","BA","BA","Valença","Cairu"
"2932903","2917805","BA","BA","Valença","Jaguaripe"
"2933208","2917805","BA","BA","Vera Cruz","Jaguaripe"
"2933208","2927408","BA","BA","Vera Cruz","Salvador"
"3200409","3202405","ES","ES","Anchieta","Guarapari"
"3200409","3204203","ES","ES","Anchieta","Piúma"
"3200607","3202207","ES","ES","Aracruz","Fundão"
"3200607","3203205","ES","ES","Aracruz","Linhares"
"3201605","2922003","ES","BA","Conceição da Barra","Mucuri"
"3201605","3204906","ES","ES","Conceição da Barra","São Mateus"
"3202207","3200607","ES","ES","Fundão","Aracruz"
"3202207","3205002","ES","ES","Fundão","Serra"
"3202405","3200409","ES","ES","Guarapari","Anchieta"
"3202405","3205200","ES","ES","Guarapari","Vila Velha"
"3202801","3203320","ES","ES","Itapemirim","Marataízes"
"3202801","3204203","ES","ES","Itapemirim","Piúma"
"3202801","3204302","ES","ES","Itapemirim","Presidente Kennedy"
"3203205","3200607","ES","ES","Linhares","Aracruz"
"3203205","3204906","ES","ES","Linhares","São Mateus"
"3203320","3202801","ES","ES","Marataízes","Itapemirim"
"3203320","3204302","ES","ES","Marataízes","Presidente Kennedy"
"3204203","3200409","ES","ES","Piúma","Anchieta"
"3204203","3202801","ES","ES","Piúma","Itapemirim"
"3204302","3202801","ES","ES","Presidente Kennedy","Itapemirim"
"3204302","3203320","ES","ES","Presidente Kennedy","Marataízes"
"3204906","3201605","ES","ES","São Mateus","Conceição da Barra"
"3204906","3203205","ES","ES","São Mateus","Linhares"
"3205002","3202207","ES","ES","Serra","Fundão"
"3205002","3205309","ES","ES","Serra","Vitória"
"3205200","3202405","ES","ES","Vila Velha","Guarapari"
"3205200","3205309","ES","ES","Vila Velha","Vitória"
"3205309","3205002","ES","ES","Vitória","Serra"
"3205309","3205200","ES","ES","Vitória","Vila Velha"
"3300209","3300258","RJ","RJ","Araruama","Arraial do Cabo"
"3300209","3300704","RJ","RJ","Araruama","Cabo Frio"
"3300209","3301306","RJ","RJ","Araruama","Casimiro de Abreu"
"3300233","3300704","RJ","RJ","Armação dos Búzios","Cabo Frio"
"3300258","3300209","RJ","RJ","Arraial do Cabo","Araruama"
"3300258","3300704","RJ","RJ","Arraial do Cabo","Cabo Frio"
"3300704","3300209","RJ","RJ","Cabo Frio","Araruama"
"3300704","3300233","RJ","RJ","Cabo Frio","Armação dos Búzios"
"3300704","3300258","RJ","RJ","Cabo Frio","Arraial do Cabo"
"3300704","3301306","RJ","RJ","Cabo Frio","Casimiro de Abreu"
"3301306","3300209","RJ","RJ","Casimiro de Abreu","Araruama"
"3301306","3300704","RJ","RJ","Casimiro de Abreu","Cabo Frio"
"3301850","3301900","RJ","RJ","Guapimirim","Itaboraí"
"3301850","3302502","RJ","RJ","Guapimirim","Magé"
"3301900","3301850","RJ","RJ","Itaboraí","Guapimirim"
"3301900","3302700","RJ","RJ","Itaboraí","Maricá"
"3301900","3304904","RJ","RJ","Itaboraí","São Gonçalo"
"3302007","3302601","RJ","RJ","Itaguaí","Mangaratiba"
"3302007","3304557","RJ","RJ","Itaguaí","Rio de Janeiro"
"3302403","3304524","RJ","RJ","Macaé","Rio das Ostras"
"3302502","3301850","RJ","RJ","Magé","Guapimirim"
"3302601","3302007","RJ","RJ","Mangaratiba","Itaguaí"
"3302700","3301900","RJ","RJ","Maricá","Itaboraí"
"3302700","3303302","RJ","RJ","Maricá","Niterói"
"3302700","3304904","RJ","RJ","Maricá","São Gonçalo"
"3302700","3305505","RJ","RJ","Maricá","Saquarema"
"3303302","3302700","RJ","RJ","Niterói","Maricá"
"3303302","3304904","RJ","RJ","Niterói","São Gonçalo"
"3303807","3555406","RJ","SP","Paraty","Ubatuba"
"3304524","3302403","RJ","RJ","Rio das Ostras","Macaé"
"3304557","3302007","RJ","RJ","Rio de Janeiro","Itaguaí"
"3304755","3305000","RJ","RJ","São Francisco de Itabapoana","São João da Barra"
"3304904","3301900","RJ","RJ","São Gonçalo","Itaboraí"
"3304904","3302700","RJ","RJ","São Gonçalo","Maricá"
"3304904","3303302","RJ","RJ","São Gonçalo","Niterói"
"3305000","3304755","RJ","RJ","São João da Barra","São Francisco de Itabapoana"
"3305505","3302700","RJ","RJ","Saquarema","Maricá"
"3506359","3518701","SP","SP","Bertioga","Guarujá"
"3506359","3548500","SP","SP","Bertioga","Santos"
"3506359","3550704","SP","SP","Bertioga","São Sebastião"
"3509908","3520301","SP","SP","Cananéia","Iguape"
"3509908","3520426","SP","SP","Cananéia","Ilha Comprida"
"3509908","4109500","SP","PR","Cananéia","Guaraqueçaba"
"3510500","3550704","SP","SP","Caraguatatuba","São Sebastião"
"3510500","3555406","SP","SP","Caraguatatuba","Ubatuba"
"3518701","3506359","SP","SP","Guarujá","Bertioga"
"3518701","3548500","SP","SP","Guarujá","Santos"
"3520301","3509908","SP","SP","Iguape","Cananéia"
"3520301","3520426","SP","SP","Iguape","Ilha Comprida"
"3520301","3537602","SP","SP","Iguape","Peruíbe"
"3520426","3509908","SP","SP","Ilha Comprida","Cananéia"
"3520426","3520301","SP","SP","Ilha Comprida","Iguape"
"3522109","3531100","SP","SP","Itanhaém","Mongaguá"
"3522109","3537602","SP","SP","Itanhaém","Peruíbe"
"3522109","3551009","SP","SP","Itanhaém","São Vicente"
"3531100","3522109","SP","SP","Mongaguá","Itanhaém"
"3531100","3541000","SP","SP","Mongaguá","Praia Grande"
"3531100","3551009","SP","SP","Mongaguá","São Vicente"
"3537602","3520301","SP","SP","Peruíbe","Iguape"
"3537602","3522109","SP","SP","Peruíbe","Itanhaém"
"3541000","3531100","SP","SP","Praia Grande","Mongaguá"
"3541000","3551009","SP","SP","Praia Grande","São Vicente"
"3548500","3506359","SP","SP","Santos","Bertioga"
"3548500","3518701","SP","SP","Santos","Guarujá"
"3548500","3551009","SP","SP","Santos","São Vicente"
"3550704","3506359","SP","SP","São Sebastião","Bertioga"
"3550704","3510500","SP","SP","São Sebastião","Caraguatatuba"
"3551009","3522109","SP","SP","São Vicente","Itanhaém"
"3551009","3531100","SP","SP","São Vicente","Mongaguá"
"3551009","3541000","SP","SP","São Vicente","Praia Grande"
"3551009","3548500","SP","SP","São Vicente","Santos"
"3555406","3303807","SP","RJ","Ubatuba","Paraty"
"3555406","3510500","SP","SP","Ubatuba","Caraguatatuba"
"4109500","3509908","PR","SP","Guaraqueçaba","Cananéia"
"4109500","4118204","PR","PR","Guaraqueçaba","Paranaguá"
"4109609","4115705","PR","PR","Guaratuba","Matinhos"
"4109609","4118204","PR","PR","Guaratuba","Paranaguá"
"4109609","4208450","PR","SC","Guaratuba","Itapoá"
"4115705","4109609","PR","PR","Matinhos","Guaratuba"
"4115705","4118204","PR","PR","Matinhos","Paranaguá"
"4115705","4119954","PR","PR","Matinhos","Pontal do Paraná"
"4118204","4109500","PR","PR","Paranaguá","Guaraqueçaba"
"4118204","4109609","PR","PR","Paranaguá","Guaratuba"
"4118204","4115705","PR","PR","Paranaguá","Matinhos"
"4118204","4119954","PR","PR","Paranaguá","Pontal do Paraná"
"4119954","4115705","PR","PR","Pontal do Paraná","Matinhos"
"4119954","4118204","PR","PR","Pontal do Paraná","Paranaguá"
"4201307","4202057","SC","SC","Araquari","Balneário Barra do Sul"
"4201307","4202107","SC","SC","Araquari","Barra Velha"
"4201307","4216206","SC","SC","Araquari","São Francisco do Sul"
"4201406","4201950","SC","SC","Araranguá","Balneário Arroio do Silva"
"4201406","4202073","SC","SC","Araranguá","Balneário Gaivota"
"4201406","4220000","SC","SC","Araranguá","Balneário Rincão"
"4201950","4201406","SC","SC","Balneário Arroio do Silva","Araranguá"
"4201950","4202073","SC","SC","Balneário Arroio do Silva","Balneário Gaivota"
"4202008","4208203","SC","SC","Balneário Camboriú","Itajaí"
"4202008","4208302","SC","SC","Balneário Camboriú","Itapema"
"4202057","4201307","SC","SC","Balneário Barra do Sul","Araquari"
"4202057","4216206","SC","SC","Balneário Barra do Sul","São Francisco do Sul"
"4202073","4201406","SC","SC","Balneário Gaivota","Araranguá"
"4202073","4201950","SC","SC","Balneário Gaivota","Balneário Arroio do Silva"
"4202073","4212254","SC","SC","Balneário Gaivota","Passo de Torres"
"4202107","4201307","SC","SC","Barra Velha","Araquari"
"4202107","4212809","SC","SC","Barra Velha","Balneário Piçarras"
"4202453","4213500","SC","SC","Bombinhas","Porto Belo"
"4205407","4206009","SC","SC","Florianópolis","Governador Celso Ramos"
"4205407","4211900","SC","SC","Florianópolis","Palhoça"
"4205704","4207304","SC","SC","Garopaba","Imbituba"
"4205704","4212304","SC","SC","Garopaba","Paulo Lopes"
"4206009","4205407","SC","SC","Governador Celso Ramos","Florianópolis"
"4206009","4218004","SC","SC","Governador Celso Ramos","Tijucas"
"4207304","4205704","SC","SC","Imbituba","Garopaba"
"4207304","4209409","SC","SC","Imbituba","Laguna"
"4207304","4212304","SC","SC","Imbituba","Paulo Lopes"
"4208203","4202008","SC","SC","Itajaí","Balneário Camboriú"
"4208203","4211306","SC","SC","Itajaí","Navegantes"
"4208302","4202008","SC","SC","Itapema","Balneário Camboriú"
"4208302","4213500","SC","SC","Itapema","Porto Belo"
"4208302","4218004","SC","SC","Itapema","Tijucas"
"4208450","4109609","SC","PR","Itapoá","Guaratuba"
"4208450","4216206","SC","SC","Itapoá","São Francisco do Sul"
"4208807","4209409","SC","SC","Jaguaruna","Laguna"
"4208807","4220000","SC","SC","Jaguaruna","Balneário Rincão"
"4209409","4207304","SC","SC","Laguna","Imbituba"
"4209409","4208807","SC","SC","Laguna","Jaguaruna"
"4211306","4208203","SC","SC","Navegantes","Itajaí"
"4211306","4212502","SC","SC","Navegantes","Penha"
"4211306","4212809","SC","SC","Navegantes","Balneário Piçarras"
"4211900","4205407","SC","SC","Palhoça","Florianópolis"
"4211900","4212304","SC","SC","Palhoça","Paulo Lopes"
"4212254","4202073","SC","SC","Passo de Torres","Balneário Gaivota"
"4212254","4321501","SC","RS","Passo de Torres","Torres"
"4212304","4205704","SC","SC","Paulo Lopes","Garopaba"
"4212304","4207304","SC","SC","Paulo Lopes","Imbituba"
"4212304","4211900","SC","SC","Paulo Lopes","Palhoça"
"4212502","4211306","SC","SC","Penha","Navegantes"
"4212502","4212809","SC","SC","Penha","Balneário Piçarras"
"4212809","4202107","SC","SC","Balneário Piçarras","Barra Velha"
"4212809","4211306","SC","SC","Balneário Piçarras","Navegantes"
"4212809","4212502","SC","SC","Balneário Piçarras","Penha"
"4213500","4202453","SC","SC","Porto Belo","Bombinhas"
"4213500","4208302","SC","SC","Porto Belo","Itapema"
"4213500","4218004","SC","SC","Porto Belo","Tijucas"
"4216206","4201307","SC","SC","São Francisco do Sul","Araquari"
"4216206","4202057","SC","SC","São Francisco do Sul","Balneário Barra do Sul"
"4216206","4208450","SC","SC","São Francisco do Sul","Itapoá"
"4218004","4206009","SC","SC","Tijucas","Governador Celso Ramos"
"4218004","4208302","SC","SC","Tijucas","Itapema"
"4218004","4213500","SC","SC","Tijucas","Porto Belo"
"4220000","4201406","SC","SC","Balneário Rincão","Araranguá"
"4220000","4208807","SC","SC","Balneário Rincão","Jaguaruna"
"4300002","4312500","RS","RS","Lagoa dos Patos","Mostardas"
"4300002","4313656","RS","RS","Lagoa dos Patos","Palmares do Sul"
"4300002","4315602","RS","RS","Lagoa dos Patos","Rio Grande"
"4300002","4318507","RS","RS","Lagoa dos Patos","São José do Norte"
"4300002","4321352","RS","RS","Lagoa dos Patos","Tavares"
"4301057","4321436","RS","RS","Arroio do Sal","Terra de Areia"
"4301057","4321501","RS","RS","Arroio do Sal","Torres"
"4301636","4305454","RS","RS","Balneário Pinhal","Cidreira"
"4301636","4313656","RS","RS","Balneário Pinhal","Palmares do Sul"
"4304630","4321436","RS","RS","Capão da Canoa","Terra de Areia"
"4304630","4323804","RS","RS","Capão da Canoa","Xangri-lá"
"4305454","4301636","RS","RS","Cidreira","Balneário Pinhal"
"4305454","4313508","RS","RS","Cidreira","Osório"
"4305454","4321600","RS","RS","Cidreira","Tramandaí"
"4310330","4313508","RS","RS","Imbé","Osório"
"4310330","4321600","RS","RS","Imbé","Tramandaí"
"4312500","4300002","RS","RS","Mostardas","Lagoa dos Patos"
"4312500","4313656","RS","RS","Mostardas","Palmares do Sul"
"4312500","4321352","RS","RS","Mostardas","Tavares"
"4313508","4305454","RS","RS","Osório","Cidreira"
"4313508","4310330","RS","RS","Osório","Imbé"
"4313508","4321600","RS","RS","Osório","Tramandaí"
"4313508","4323804","RS","RS","Osório","Xangri-lá"
"4313656","4300002","RS","RS","Palmares do Sul","Lagoa dos Patos"
"4313656","4301636","RS","RS","Palmares do Sul","Balneário Pinhal"
"4313656","4312500","RS","RS","Palmares do Sul","Mostardas"
"4315602","4300002","RS","RS","Rio Grande","Lagoa dos Patos"
"4315602","4317301","RS","RS","Rio Grande","Santa Vitória do Palmar"
"4317301","4315602","RS","RS","Santa Vitória do Palmar","Rio Grande"
"4318507","4300002","RS","RS","São José do Norte","Lagoa dos Patos"
"4318507","4321352","RS","RS","São José do Norte","Tavares"
"4321352","4300002","RS","RS","Tavares","Lagoa dos Patos"
"4321352","4312500","RS","RS","Tavares","Mostardas"
"4321352","4318507","RS","RS","Tavares","São José do Norte"
"4321436","4301057","RS","RS","Terra de Areia","Arroio do Sal"
"4321436","4304630","RS","RS","Terra de Areia","Capão da Canoa"
"4321501","4212254","RS","SC","Torres","Passo de Torres"
"4321501","4301057","RS","RS","Torres","Arroio do Sal"
"4321600","4305454","RS","RS","Tramandaí","Cidreira"
"4321600","4310330","RS","RS","Tramandaí","Imbé"
"4321600","4313508","RS","RS","Tramandaí","Osório"
"4323804","4304630","RS","RS","Xangri-lá","Capão da Canoa"
"4323804","4313508","RS","RS","Xangri-lá","Osório"
